City_ID,City,Country,Date,Lat,Lng,Max Temp,Humidity,Cloudiness,Wind Speed
0,Rikitea,PF,2022-02-07 02:55:20,-23.1203,-134.9692,79.02,72,16,18.75
1,Black Forest,US,2022-02-07 02:56:10,39.0131,-104.7008,26.6,69,0,1.01
2,Mataura,NZ,2022-02-07 02:56:10,-46.1927,168.8643,60.48,34,8,2.75
3,Natchitoches,US,2022-02-07 02:56:11,31.7668,-93.1335,40.05,75,0,0.0
4,Punta Arenas,CL,2022-02-07 02:56:11,-53.15,-70.9167,53.71,82,75,6.91
5,Hlotse,LS,2022-02-07 02:56:11,-28.8718,28.045,54.97,87,27,0.13
6,Lavrentiya,RU,2022-02-07 02:53:59,65.5833,-171.0,-15.63,95,56,5.19
7,Norman Wells,CA,2022-02-07 02:55:40,65.282,-126.8329,-12.96,70,100,17.27
8,Chokurdakh,RU,2022-02-07 02:56:12,70.6333,147.9167,-39.73,99,79,3.85
9,East London,ZA,2022-02-07 02:56:13,-33.0153,27.9116,71.38,82,100,7.52
10,Cidreira,BR,2022-02-07 02:55:33,-30.1811,-50.2056,68.22,74,8,7.81
11,Ushuaia,AR,2022-02-07 02:53:20,-54.8,-68.3,60.46,67,75,12.66
12,Bredasdorp,ZA,2022-02-07 02:55:45,-34.5322,20.0403,65.28,88,13,5.75
13,Katsuura,JP,2022-02-07 02:56:13,35.1333,140.3,46.51,31,16,4.5
14,Grindavik,IS,2022-02-07 02:52:52,63.8424,-22.4338,32.47,100,100,48.34
15,Beloha,MG,2022-02-07 02:56:14,-25.1667,45.05,73.96,93,100,12.73
16,Gat,IL,2022-02-07 02:52:53,31.61,34.7642,54.39,100,6,6.8
17,Tornio,FI,2022-02-07 02:56:14,65.8481,24.1466,30.22,94,100,9.42
18,Ust-Kuyga,RU,2022-02-07 02:56:14,70.0167,135.6,-33.5,98,100,4.81
19,La Paz,BO,2022-02-07 02:54:58,-16.5,-68.15,46.38,93,75,2.3
20,Georgetown,MY,2022-02-07 02:56:15,5.4112,100.3354,84.13,80,20,1.01
21,Sao Jose Da Coroa Grande,BR,2022-02-07 02:56:15,-8.8978,-35.1478,79.48,72,51,6.91
22,Tiksi,RU,2022-02-07 02:56:16,71.6872,128.8694,-17.37,98,100,6.26
23,Kupang,ID,2022-02-07 02:56:16,-10.1667,123.5833,85.05,73,36,9.15
24,Bluff,NZ,2022-02-07 02:56:17,-46.6,168.3333,60.8,66,0,13.38
25,Ostrovnoy,RU,2022-02-07 02:56:17,68.0531,39.5131,11.53,88,16,18.66
26,Sept-Iles,CA,2022-02-07 02:51:20,50.2001,-66.3821,4.05,79,100,5.75
27,Sao Joao Da Barra,BR,2022-02-07 02:54:26,-21.6403,-41.0511,76.17,88,2,18.68
28,Barra Do Garcas,BR,2022-02-07 02:56:18,-15.89,-52.2567,72.81,97,99,3.4
29,New Norfolk,AU,2022-02-07 02:53:33,-42.7826,147.0587,77.88,31,0,3.0
30,Iglesias,IT,2022-02-07 02:56:18,39.3114,8.535,48.76,76,63,15.43
31,Mar Del Plata,AR,2022-02-07 02:52:06,-38.0023,-57.5575,65.08,77,40,5.01
32,Flinders,AU,2022-02-07 02:55:08,-34.5833,150.8552,74.48,67,44,7.0
33,Avarua,CK,2022-02-07 02:54:52,-21.2078,-159.775,80.65,69,75,11.5
34,San Agustin,MX,2022-02-07 02:56:19,20.5333,-103.4667,66.51,33,97,5.41
35,Camapua,BR,2022-02-07 02:56:19,-19.5314,-54.0439,71.94,96,100,5.64
36,Margate,GB,2022-02-07 02:53:15,51.3813,1.3862,41.88,69,5,10.0
37,Tilichiki,RU,2022-02-07 02:56:20,60.4667,166.1,-4.72,79,1,8.61
38,Wenling,CN,2022-02-07 02:56:20,28.3669,121.36,43.92,93,100,4.72
39,Ternate,ID,2022-02-07 02:56:21,0.8,127.4,82.74,72,100,7.07
40,San Cristobal,VE,2022-02-07 02:56:13,7.7669,-72.225,69.98,89,46,1.23
41,Kirakira,SB,2022-02-07 02:56:21,-10.4544,161.9205,85.84,73,100,13.22
42,Linqing,CN,2022-02-07 02:56:22,36.8456,115.7117,39.61,26,100,2.35
43,Labuhan,ID,2022-02-07 02:56:22,-6.8844,112.2051,81.77,81,100,16.89
44,Buckingham,GB,2022-02-07 02:56:23,51.9997,-0.9878,40.96,85,7,10.65
45,Saint Anthony,US,2022-02-07 02:52:21,45.0205,-93.218,11.35,68,0,3.0
46,Busselton,AU,2022-02-07 02:59:23,-33.65,115.3333,67.08,51,70,20.04
47,Albany,US,2022-02-07 02:57:53,42.6001,-73.9662,21.31,75,10,4.18
48,Kodiak,US,2022-02-07 02:59:24,57.79,-152.4072,32.5,70,100,6.8
49,Qaanaaq,GL,2022-02-07 02:59:24,77.484,-69.3632,-11.67,59,29,7.25
50,Hermanus,ZA,2022-02-07 02:56:52,-34.4187,19.2345,65.8,92,66,4.25
51,Geraldton,AU,2022-02-07 02:59:25,-28.7667,114.6,77.41,33,40,14.97
52,Hithadhoo,MV,2022-02-07 02:59:25,-0.6,73.0833,82.42,69,31,14.14
53,Khatanga,RU,2022-02-07 02:56:56,71.9667,102.5,-17.07,98,99,9.6
54,Smirnykh,RU,2022-02-07 02:59:25,49.75,142.8333,14.86,70,100,6.87
55,Hilo,US,2022-02-07 02:59:26,19.7297,-155.09,75.25,88,85,1.01
56,Kalmunai,LK,2022-02-07 02:59:26,7.4167,81.8167,77.56,79,52,9.82
57,Chemainus,CA,2022-02-07 02:56:41,48.9163,-123.7194,44.56,97,75,2.3
58,Hami,CN,2022-02-07 02:59:27,42.8,93.45,27.0,33,67,7.27
59,Vardo,NO,2022-02-07 02:59:27,70.3705,31.1107,23.14,82,59,20.94
60,Hobart,AU,2022-02-07 02:59:27,-42.8794,147.3294,78.22,42,20,4.0
61,Sur,OM,2022-02-07 02:58:08,22.5667,59.5289,69.42,65,0,11.61
62,Buffalo,US,2022-02-07 02:57:41,42.8865,-78.8784,32.02,61,62,9.46
63,Kapaa,US,2022-02-07 02:59:23,22.0752,-159.319,76.48,69,10,1.99
64,Popondetta,PG,2022-02-07 02:59:28,-8.7537,148.2534,89.08,59,99,6.4
65,Tazovskiy,RU,2022-02-07 02:59:28,67.4667,78.7,-25.37,100,90,2.39
66,Tolmezzo,IT,2022-02-07 02:59:29,46.4075,13.0175,41.22,93,100,0.6
67,Jamestown,US,2022-02-07 02:59:29,42.097,-79.2353,29.71,10,63,7.85
68,Provideniya,RU,2022-02-07 02:59:30,64.3833,-173.3,3.31,66,0,13.42
69,Nikolskoye,RU,2022-02-07 02:59:30,59.7035,30.7861,36.88,97,100,6.98
70,Port Alfred,ZA,2022-02-07 02:59:30,-33.5906,26.891,72.93,79,82,4.97
71,Bonga,ET,2022-02-07 02:59:31,7.2833,36.2333,57.34,71,24,1.66
72,Faanui,PF,2022-02-07 02:56:54,-16.4833,-151.75,81.01,75,100,20.13
73,Rassvet,RU,2022-02-07 02:59:31,46.8333,40.75,32.05,100,98,11.41
74,Meulaboh,ID,2022-02-07 02:59:32,4.1363,96.1285,78.46,83,100,2.55
75,Bocas Del Toro,PA,2022-02-07 02:59:32,9.3333,-82.25,76.66,77,7,6.82
76,Quatre Cocos,MU,2022-02-07 02:59:32,-20.2078,57.7625,78.1,82,100,10.0
77,Touros,BR,2022-02-07 02:57:38,-5.1989,-35.4608,79.7,76,19,8.86
78,Guerrero Negro,MX,2022-02-07 02:59:33,27.9769,-114.0611,60.46,55,0,8.66
79,Sungaipenuh,ID,2022-02-07 02:55:40,-2.0833,101.3833,73.69,64,100,4.81
80,Shebunino,RU,2022-02-07 02:59:33,46.4339,141.8603,23.65,71,100,15.93
81,Ozubulu,NG,2022-02-07 02:59:34,5.9567,6.849,69.94,90,3,1.43
82,Cape Town,ZA,2022-02-07 02:59:03,-33.9258,18.4232,64.27,88,75,3.44
83,Puerto Ayora,EC,2022-02-07 02:59:34,-0.7393,-90.3518,73.54,93,20,3.0
84,Yellowknife,CA,2022-02-07 02:58:37,62.456,-114.3525,-2.58,88,20,5.75
85,Bitung,ID,2022-02-07 02:59:35,1.4451,125.1824,86.85,76,82,11.95
86,Kalianget,ID,2022-02-07 02:59:35,-7.05,113.9333,80.92,82,93,13.42
87,Inirida,CO,2022-02-07 02:55:20,3.8653,-67.9239,75.87,87,90,1.66
88,Esso,RU,2022-02-07 02:59:35,55.9333,158.7,17.69,90,98,3.89
89,Wanning,CN,2022-02-07 02:58:10,18.8003,110.3967,74.86,85,63,7.65
90,Chara,RU,2022-02-07 02:59:36,56.9064,118.2631,0.77,79,68,1.41
91,Souillac,MU,2022-02-07 02:57:36,-20.5167,57.5167,77.38,94,75,3.44
92,Ribeira Grande,PT,2022-02-07 02:59:36,38.5167,-28.7,61.07,83,9,16.02
93,Saint-Philippe,RE,2022-02-07 03:00:39,-21.3585,55.7679,78.35,85,94,14.65
94,Tshikapa,CD,2022-02-07 03:00:39,-6.4167,20.8,69.04,95,100,1.23
95,Arraial Do Cabo,BR,2022-02-07 03:00:40,-22.9661,-42.0278,75.36,92,0,18.75
96,Pundaguitan,PH,2022-02-07 03:00:43,6.3711,126.1689,80.6,78,59,18.32
97,Nola,IT,2022-02-07 03:00:43,40.922,14.5329,54.93,81,51,1.99
98,Ponta Do Sol,PT,2022-02-07 02:56:45,32.6667,-17.1,63.23,69,7,10.65
99,Iqaluit,CA,2022-02-07 03:00:44,63.7506,-68.5145,-38.31,65,100,3.04
100,Huoqiu,CN,2022-02-07 03:00:45,32.3394,116.2694,32.27,100,100,10.29
101,Bud,US,2022-02-07 03:00:47,39.447,-86.1758,28.47,84,99,6.22
102,Bambous Virieux,MU,2022-02-07 02:57:32,-20.3428,57.7575,77.25,94,75,3.44
103,Cabedelo,BR,2022-02-07 02:58:04,-6.9811,-34.8339,79.47,73,0,10.18
104,Yulara,AU,2022-02-07 03:00:49,-25.2406,130.9889,89.2,17,0,7.72
105,Vung Tau,VN,2022-02-07 03:00:49,10.346,107.0843,81.43,67,32,7.25
106,Shanghai,CN,2022-02-07 03:00:01,31.2222,121.4581,40.93,75,100,1.99
107,Marawi,PH,2022-02-07 03:00:51,7.9986,124.2928,73.65,49,50,5.3
108,Ayan,RU,2022-02-07 03:00:52,56.45,138.1667,8.04,60,92,5.77
109,San Jose,US,2022-02-07 03:00:53,37.3394,-121.895,60.91,55,0,3.44
110,Vaini,TO,2022-02-07 03:00:54,-21.2,-175.2,76.89,89,100,27.69
111,Griffith,US,2022-02-07 03:00:54,41.5284,-87.4237,30.02,81,0,5.99
112,Torbay,CA,2022-02-07 03:00:55,47.6666,-52.7314,13.57,79,78,4.0
113,Powell River,CA,2022-02-07 03:00:56,49.8496,-124.5361,42.08,87,83,3.15
114,Barcelona,ES,2022-02-07 02:57:37,41.3888,2.159,50.54,67,20,1.01
115,Khani,GE,2022-02-07 03:00:57,41.9563,42.9566,24.37,87,89,5.55
116,Zhangye,CN,2022-02-07 03:00:58,38.9342,100.4517,17.62,61,1,1.12
117,Balad,IQ,2022-02-07 03:00:59,34.0164,44.1453,47.93,49,60,3.22
118,Sobolevo,RU,2022-02-07 03:01:00,54.4299,31.8996,30.06,95,99,14.27
119,Isabela,PH,2022-02-07 03:01:02,6.7085,121.9711,84.81,67,97,9.31
120,Brownsburg,US,2022-02-07 02:59:26,39.8434,-86.3978,27.81,73,96,1.01
121,Shingu,JP,2022-02-07 02:58:03,33.7333,135.9833,43.79,39,89,10.45
122,Teya,RU,2022-02-07 03:01:03,60.3778,92.6267,-1.25,100,93,2.62
123,Pisco,PE,2022-02-07 02:57:24,-13.7,-76.2167,67.01,94,40,5.75
124,Garowe,SO,2022-02-07 03:01:04,8.4054,48.4845,64.33,87,100,9.64
125,Castro,BR,2022-02-07 03:01:04,-24.7911,-50.0119,61.56,84,2,2.1
126,Butaritari,KI,2022-02-07 02:56:17,3.0707,172.7902,81.84,76,71,15.43
127,Lokosovo,RU,2022-02-07 03:01:06,61.1333,74.8167,-5.66,99,34,6.91
128,Lebu,CL,2022-02-07 02:58:12,-37.6167,-73.65,59.22,92,3,15.41
129,Mazamari,PE,2022-02-07 03:01:06,-11.3258,-74.5308,69.31,99,100,1.92
130,Coihueco,CL,2022-02-07 03:01:07,-36.6167,-71.8333,65.39,41,0,2.77
131,Samarai,PG,2022-02-07 02:57:43,-10.6167,150.6667,85.35,70,88,11.61
132,Bethel,US,2022-02-07 03:01:07,41.3712,-73.414,28.65,83,28,1.81
133,Itarema,BR,2022-02-07 02:58:23,-2.9248,-39.9167,78.8,78,2,11.07
134,Ust-Uda,RU,2022-02-07 03:01:08,54.1742,103.0304,15.08,93,100,1.83
135,Severo-Kurilsk,RU,2022-02-07 02:59:32,50.6789,156.125,31.5,83,100,10.07
136,Mackay,AU,2022-02-07 03:02:08,-21.15,149.2,85.68,61,59,16.6
137,Hasaki,JP,2022-02-07 03:02:09,35.7333,140.8333,48.29,34,6,7.05
138,North Bend,US,2022-02-07 03:02:09,43.4065,-124.2243,51.94,98,0,4.61
139,Bagdarin,RU,2022-02-07 02:57:53,54.4333,113.6,5.63,78,82,0.47
140,Akyab,MM,2022-02-07 02:58:54,20.15,92.9,65.71,48,97,5.3
141,Sorong,ID,2022-02-07 03:02:10,-0.8833,131.25,83.64,72,100,8.41
142,Avera,US,2022-02-07 03:01:38,33.194,-82.5271,41.72,54,99,6.71
143,Egvekinot,RU,2022-02-07 02:57:34,66.3167,-179.1667,-13.27,85,1,9.75
144,Tautira,PF,2022-02-07 02:58:55,-17.7333,-149.15,84.22,76,72,19.98
145,Merauke,ID,2022-02-07 03:02:11,-8.4667,140.3333,86.92,63,77,7.47
146,Ust-Nera,RU,2022-02-07 03:02:11,64.5667,143.2,-13.95,81,17,2.64
147,Isangel,VU,2022-02-07 03:02:12,-19.55,169.2667,79.25,92,100,18.48
148,Port Hardy,CA,2022-02-07 03:01:54,50.6996,-127.4199,47.75,87,100,13.94
149,Laguna,US,2022-02-07 03:02:12,38.421,-121.4238,58.32,66,0,4.61
150,College,US,2022-02-07 03:02:13,64.8569,-147.8028,-4.41,77,100,3.33
151,Nanortalik,GL,2022-02-07 03:02:13,60.1432,-45.2371,17.42,62,100,46.19
152,Port Elizabeth,ZA,2022-02-07 03:02:13,-33.918,25.5701,70.92,74,25,3.51
153,Namatanai,PG,2022-02-07 03:02:14,-3.6667,152.4333,85.84,67,100,7.11
154,Oktyabrskoye,RU,2022-02-07 03:02:14,43.0645,44.7417,28.54,80,99,2.24
155,Las Vegas,US,2022-02-07 03:01:38,36.175,-115.1372,59.54,20,0,0.0
156,Sabirabad,AZ,2022-02-07 03:02:15,40.0095,48.4752,35.8,48,0,5.17
157,Lompoc,US,2022-02-07 03:00:08,34.6391,-120.4579,59.18,79,0,1.01
158,Luderitz,NA,2022-02-07 02:58:00,-26.6481,15.1594,67.19,78,40,3.09
159,Constitucion,CL,2022-02-07 03:02:16,-35.3333,-72.4167,57.79,80,0,4.09
160,Road Town,VG,2022-02-07 03:02:16,18.4167,-64.6167,75.99,72,80,22.93
161,Longyearbyen,SJ,2022-02-07 02:59:18,78.2186,15.6401,15.64,73,0,4.61
162,Port Hedland,AU,2022-02-07 03:02:16,-20.3167,118.5667,82.45,83,40,3.44
163,Lorengau,PG,2022-02-07 02:59:35,-2.0226,147.2712,83.64,76,99,7.54
164,Thompson,CA,2022-02-07 02:59:30,55.7435,-97.8558,-7.44,71,100,5.75
165,Carnarvon,AU,2022-02-07 03:01:00,-24.8667,113.6333,76.28,48,6,21.09
166,Kudahuvadhoo,MV,2022-02-07 03:02:17,2.6708,72.8944,81.28,64,20,11.01
167,Guaruja,BR,2022-02-07 03:02:18,-23.9931,-46.2564,80.2,26,99,1.01
168,Kavieng,PG,2022-02-07 03:02:18,-2.5744,150.7967,83.66,71,55,2.68
169,Buin,CL,2022-02-07 03:02:19,-33.7333,-70.75,75.74,57,0,2.48
170,Puerto Baquerizo Moreno,EC,2022-02-07 03:02:19,-0.9,-89.6,73.36,81,0,9.19
171,Zaykovo,RU,2022-02-07 03:02:20,57.5613,62.7568,-7.92,98,45,3.91
172,Byron Bay,AU,2022-02-07 03:02:20,-28.65,153.6167,78.75,61,83,17.47
173,Lufilufi,WS,2022-02-07 03:02:20,-13.8745,-171.5986,82.04,76,100,17.22
174,Wagga Wagga,AU,2022-02-07 03:00:03,-35.1167,147.3667,81.84,26,0,3.65
175,Namibe,AO,2022-02-07 03:02:21,-15.1961,12.1522,72.28,70,95,7.43
176,Vila Velha,BR,2022-02-07 03:02:21,-20.3297,-40.2925,77.95,89,2,3.0
177,Daru,PG,2022-02-07 03:02:22,-9.0763,143.2092,85.17,71,100,3.0
178,Kutum,SD,2022-02-07 03:02:22,14.2,24.6667,46.69,33,21,8.72
179,Morant Bay,JM,2022-02-07 03:02:23,17.8815,-76.4093,68.67,78,4,5.46
180,Nantucket,US,2022-02-07 03:00:49,41.2835,-70.0995,33.01,75,100,14.97
181,High Level,CA,2022-02-07 03:01:25,58.5169,-117.136,34.45,80,55,7.11
182,Tahe,CN,2022-02-07 03:03:23,52.3333,124.7333,9.75,66,90,2.91
183,Bereda,ES,2022-02-07 03:03:24,43.2686,-7.5406,41.0,98,61,1.95
184,Talnakh,RU,2022-02-07 03:03:24,69.4865,88.3972,-28.16,98,56,0.69
185,Pathein,MM,2022-02-07 03:03:25,16.7833,94.7333,80.08,38,43,11.41
186,Novita,CO,2022-02-07 03:03:25,4.9551,-76.6053,72.95,95,62,2.28
187,Riberalta,BO,2022-02-07 03:03:26,-10.9833,-66.1,72.43,98,100,2.37
188,Codrington,AU,2022-02-07 03:03:26,-38.2667,141.9667,83.08,30,0,13.8
189,Narsaq,GL,2022-02-07 03:03:11,60.9167,-46.05,10.62,82,100,5.57
190,Victoria,HK,2022-02-07 02:59:04,22.2855,114.1577,66.96,90,100,1.01
191,Falun,SE,2022-02-07 03:03:27,60.6036,15.626,25.21,94,54,3.11
192,San Patricio,US,2022-02-07 03:03:27,28.017,-97.5169,57.18,83,100,9.93
193,Paamiut,GL,2022-02-07 03:03:11,61.994,-49.6678,10.49,78,100,27.0
194,Berdigestyakh,RU,2022-02-07 03:03:27,62.0989,126.6992,-14.22,95,57,4.25
195,Chingirlau,KZ,2022-02-07 03:03:28,51.095,54.0814,17.62,96,100,8.03
196,Nioro,GM,2022-02-07 03:03:28,13.35,-15.75,73.8,34,0,2.44
197,Prince George,CA,2022-02-07 02:58:29,53.9166,-122.753,40.44,70,0,8.05
198,Praia Da Vitoria,PT,2022-02-07 03:03:29,38.7333,-27.0667,59.76,91,29,17.13
199,Taldan,RU,2022-02-07 03:03:29,53.6667,124.8,4.86,67,100,1.41
200,Wegrow,PL,2022-02-07 03:03:29,52.3995,22.0163,39.63,88,100,18.23
201,Saldanha,ZA,2022-02-07 03:02:09,-33.0117,17.9442,62.47,99,35,7.87
202,Camopi,GF,2022-02-07 03:03:30,3.1655,-52.3158,71.69,99,100,1.95
203,Buala,SB,2022-02-07 03:03:30,-8.145,159.5921,86.63,71,97,12.3
204,Angoche,MZ,2022-02-07 03:02:13,-16.2325,39.9086,73.63,94,94,10.31
205,Bengkulu,ID,2022-02-07 03:03:31,-3.8004,102.2655,81.64,70,99,10.8
206,Pittsfield,US,2022-02-07 03:03:31,42.4501,-73.2454,20.19,84,0,0.0
207,Elat,IL,2022-02-07 03:01:57,29.5581,34.9482,54.41,59,0,6.26
208,Half Moon Bay,US,2022-02-07 03:00:25,37.4636,-122.4286,60.96,68,100,3.0
209,Beyneu,KZ,2022-02-07 03:01:40,45.3167,55.2,28.76,86,87,7.25
210,Forbes,AU,2022-02-07 03:03:32,-33.3833,148.0167,84.92,24,0,9.46
211,San Luis,AR,2022-02-07 03:03:33,-33.295,-66.3356,61.29,34,0,11.27
212,Ivanino,RU,2022-02-07 03:03:33,51.6434,35.5769,29.12,92,100,11.97
213,Abeche,TD,2022-02-07 03:03:33,13.8292,20.8324,60.44,19,0,12.3
214,Sarny,UA,2022-02-07 03:03:34,51.338,26.6019,34.2,98,100,15.14
215,Saint George,US,2022-02-07 03:03:34,37.1041,-113.5841,52.39,26,0,20.71
216,Bilibino,RU,2022-02-07 03:00:31,68.0546,166.4372,-10.97,78,18,4.03
217,Alice Springs,AU,2022-02-07 03:03:17,-23.7,133.8833,87.35,27,0,5.75
218,Srednekolymsk,RU,2022-02-07 03:03:35,67.45,153.6833,-25.64,96,30,1.68
219,Eenhana,NA,2022-02-07 03:03:35,-17.4667,16.3333,66.78,89,100,3.8
220,Sabha,LY,2022-02-07 03:03:36,27.0377,14.4283,52.05,23,49,8.93
221,Rawson,AR,2022-02-07 03:03:36,-43.3002,-65.1023,63.79,49,0,18.57
222,Murovani Kurylivtsi,UA,2022-02-07 03:03:37,48.7235,27.5189,36.91,65,100,10.11
223,Esperance,AU,2022-02-07 03:03:37,-33.8667,121.9,76.84,53,18,28.1
224,Kralendijk,BQ,2022-02-07 03:03:37,12.15,-68.2667,78.78,78,20,10.36
225,Mizdah,LY,2022-02-07 03:03:38,31.4451,12.9801,49.53,36,69,3.67
226,Rio Gallegos,AR,2022-02-07 03:01:59,-51.6226,-69.2181,58.06,69,49,23.78
227,Manzanillo,CU,2022-02-07 03:03:38,20.3433,-77.1167,73.44,70,33,12.1
228,Morgan City,US,2022-02-07 03:03:39,29.6994,-91.2068,44.01,87,0,0.0
229,Ketchikan,US,2022-02-07 03:01:38,55.3422,-131.6461,45.07,87,100,12.66
230,Tasiilaq,GL,2022-02-07 03:03:39,65.6145,-37.6368,21.36,53,100,60.31
231,Bakel,SN,2022-02-07 03:04:40,14.905,-12.4568,73.78,10,0,9.22
232,Barrow,US,2022-02-07 03:04:39,71.2906,-156.7887,-27.38,68,0,14.97
233,Ajdabiya,LY,2022-02-07 03:04:40,30.7554,20.2263,56.03,41,40,6.55
234,Alta Floresta,BR,2022-02-07 03:01:18,-9.8756,-56.0861,72.01,97,95,1.63
235,Yar-Sale,RU,2022-02-07 03:04:41,66.8333,70.8333,-8.99,99,47,9.69
236,Kununurra,AU,2022-02-07 03:04:41,-15.7667,128.7333,87.78,70,100,3.44
237,Kabakovo,RU,2022-02-07 03:04:41,54.5369,56.1517,16.09,86,100,4.47
238,Barbastro,ES,2022-02-07 03:04:42,42.0356,0.1269,36.14,62,96,1.81
239,Porkhov,RU,2022-02-07 03:04:42,57.765,29.5561,33.69,98,100,8.25
240,Hammerfest,NO,2022-02-07 03:04:43,70.6634,23.6821,23.45,68,0,14.97
241,Dikson,RU,2022-02-07 03:04:43,73.5069,80.5464,-13.05,97,100,16.33
242,Mujiayingzi,CN,2022-02-07 03:04:44,42.1167,118.7833,20.75,44,92,6.22
243,Faya,SA,2022-02-07 03:04:44,18.3851,42.4509,50.52,84,9,3.42
244,Bentiu,SS,2022-02-07 03:04:44,9.2333,29.8333,65.34,22,41,5.19
245,Boguchany,RU,2022-02-07 03:04:45,58.3814,97.4531,17.13,94,100,0.34
246,Winneba,GH,2022-02-07 03:04:45,5.3511,-0.6231,78.66,87,96,6.35
247,Cabo San Lucas,MX,2022-02-07 03:01:47,22.8909,-109.9124,67.51,74,0,4.21
248,San Ramon,US,2022-02-07 03:03:35,37.7799,-121.978,58.51,60,0,0.0
249,Redcar,GB,2022-02-07 03:04:46,54.6166,-1.06,36.45,64,8,8.01
250,Axim,GH,2022-02-07 03:04:47,4.8699,-2.2405,77.94,88,100,3.87
251,Houma,US,2022-02-07 03:01:16,29.5958,-90.7195,46.0,69,1,3.44
252,Okakarara,NA,2022-02-07 03:04:47,-20.5833,17.4333,64.65,85,89,4.81
253,Ambikapur,IN,2022-02-07 03:04:47,23.1167,83.2,60.67,25,0,1.3
254,La Libertad,EC,2022-02-07 03:04:48,-2.2333,-80.9,74.7,82,54,6.02
255,Ugoofaaru,MV,2022-02-07 03:04:48,5.6667,73.0,80.74,71,66,10.07
256,Akureyri,IS,2022-02-07 03:04:48,65.6835,-18.0878,15.82,98,100,5.91
257,San Ignacio,BZ,2022-02-07 03:04:49,17.1561,-89.0714,71.74,94,75,0.0
258,Hirara,JP,2022-02-07 03:00:43,24.8,125.2833,66.31,66,100,20.8
259,Collie,AU,2022-02-07 03:04:50,-33.3667,116.15,65.98,46,48,13.27
260,Oga,IT,2022-02-07 03:04:50,46.4631,10.347,32.54,93,100,5.55
261,Cockburn Town,TC,2022-02-07 03:02:39,21.4612,-71.1419,76.01,75,0,16.91
262,Mehamn,NO,2022-02-07 03:04:50,71.0357,27.8492,18.45,83,90,13.51
263,Ranong,TH,2022-02-07 03:04:51,9.9658,98.6348,84.56,61,99,4.32
264,Aldan,RU,2022-02-07 03:04:51,58.6031,125.3894,2.05,93,100,2.1
265,Marang,MY,2022-02-07 03:04:51,5.2056,103.2059,77.92,88,100,6.33
266,Anadyr,RU,2022-02-07 03:04:52,64.75,177.4833,-14.3,84,0,11.18
267,Haicheng,CN,2022-02-07 03:04:52,40.8516,122.7475,24.51,48,48,4.09
268,Coihaique,CL,2022-02-07 03:04:52,-45.5752,-72.0662,66.81,72,0,4.61
269,Asau,RO,2022-02-07 03:04:53,46.4333,26.4,33.76,72,100,5.95
270,Kahului,US,2022-02-07 03:04:53,20.8947,-156.47,78.82,60,40,20.71
271,Turukhansk,RU,2022-02-07 03:00:35,65.8167,87.9833,-26.21,100,55,4.09
272,Jaisalmer,IN,2022-02-07 03:04:54,26.9147,70.9181,63.7,35,0,2.75
273,Dubrovytsya,UA,2022-02-07 03:04:54,51.5744,26.565,34.07,98,100,15.59
274,Upernavik,GL,2022-02-07 03:04:55,72.7868,-56.1549,-14.49,100,100,8.41
275,Trat,TH,2022-02-07 03:04:55,12.5,102.5,87.26,47,100,10.45
276,Maromitsa,RU,2022-02-07 03:04:55,59.8683,48.0123,11.21,98,100,1.48
277,Eydhafushi,MV,2022-02-07 03:04:56,5.1033,73.0708,80.58,74,70,11.83
278,Bubaque,GW,2022-02-07 03:05:56,11.2833,-15.8333,76.44,70,6,7.78
279,Burns Lake,CA,2022-02-07 03:05:57,54.2331,-125.7533,28.45,99,100,4.12
280,Chapais,CA,2022-02-07 03:04:43,49.7834,-74.8492,4.78,95,100,5.53
281,Bilma,NE,2022-02-07 03:05:57,18.6853,12.9164,56.57,18,0,7.92
282,Kaitangata,NZ,2022-02-07 03:01:10,-46.2817,169.8464,59.94,80,52,8.32
283,Tuktoyaktuk,CA,2022-02-07 03:05:58,69.4541,-133.0374,-13.54,96,100,14.81
284,Galyugayevskaya,RU,2022-02-07 03:05:58,43.6969,44.9344,34.74,80,87,5.53
285,Aksarka,RU,2022-02-07 03:05:59,66.5606,67.7975,-14.62,100,96,6.78
286,Bustamante,MX,2022-02-07 03:05:59,26.5333,-100.5,53.76,44,100,5.82
287,Mtwara,TZ,2022-02-07 03:05:06,-10.2667,40.1833,77.25,85,100,9.17
288,Taoudenni,ML,2022-02-07 03:06:00,22.6783,-3.9836,64.72,14,7,10.18
289,Honiara,SB,2022-02-07 03:06:00,-9.4333,159.95,85.28,74,100,7.43
290,Kimbe,PG,2022-02-07 03:03:41,-5.5502,150.1429,85.3,72,82,7.0
291,Leningradskiy,RU,2022-02-07 03:06:00,69.3833,178.4167,-26.57,100,63,2.82
292,Varedo,IT,2022-02-07 03:06:01,45.598,9.1567,45.75,90,75,2.3
293,Hualmay,PE,2022-02-07 03:06:01,-11.0964,-77.6139,70.59,79,100,9.15
294,Aklavik,CA,2022-02-07 03:06:02,68.2191,-135.0107,-20.09,91,100,19.39
295,Matara,LK,2022-02-07 03:06:02,5.9485,80.5353,80.56,73,100,4.47
296,Guane,CU,2022-02-07 03:06:03,22.2025,-84.0875,68.18,79,0,4.88
297,Kotido,UG,2022-02-07 03:06:03,2.9806,34.1331,70.72,38,78,5.3
298,Palana,RU,2022-02-07 03:06:03,59.1167,159.9667,15.6,74,73,9.22
299,Mount Pleasant,US,2022-02-07 03:06:04,32.7941,-79.8626,46.4,74,100,1.01
300,Yima,CN,2022-02-07 03:06:04,34.7381,111.8839,34.63,34,56,8.21
301,Aykhal,RU,2022-02-07 03:06:05,66.0,111.5,-14.48,99,99,6.35
302,Bella Union,UY,2022-02-07 03:06:05,-30.2752,-57.6007,62.85,46,0,6.4
303,Alzamay,RU,2022-02-07 03:06:06,55.5562,98.6644,18.19,85,100,2.42
304,Ancud,CL,2022-02-07 03:03:38,-41.8697,-73.8203,55.42,89,5,2.86
305,Lagoa,PT,2022-02-07 03:05:43,39.05,-27.9833,59.56,85,7,16.49
306,Andra,RU,2022-02-07 03:06:06,62.5147,65.8878,4.05,94,100,9.91
307,Goure,NE,2022-02-07 03:06:07,13.9835,10.2704,63.01,14,0,10.09
308,Pevek,RU,2022-02-07 03:06:07,69.7008,170.3133,-23.37,98,27,0.92
309,Makubetsu,JP,2022-02-07 03:06:07,45.3714,141.8211,25.11,75,100,15.82
310,Dukat,RU,2022-02-07 03:06:08,62.55,155.55,-3.46,74,6,0.85
311,Gelemso,ET,2022-02-07 03:06:08,8.8167,40.5167,56.61,90,99,4.61
312,Nambucca Heads,AU,2022-02-07 03:06:09,-30.65,153.0,74.17,57,69,18.05
313,Jacareacanga,BR,2022-02-07 03:06:09,-6.2222,-57.7528,73.22,98,100,1.52
314,Coquimbo,CL,2022-02-07 03:02:36,-29.9533,-71.3436,64.56,85,13,3.83
315,Assare,BR,2022-02-07 03:06:10,-6.8744,-39.875,70.32,80,22,1.63
316,Saskylakh,RU,2022-02-07 03:04:44,71.9167,114.0833,-27.18,100,93,4.09
317,Port Augusta,AU,2022-02-07 03:06:10,-32.5,137.7667,93.7,17,13,14.92
318,Nuuk,GL,2022-02-07 03:06:10,64.1835,-51.7216,7.41,85,100,9.22
319,Sakakah,SA,2022-02-07 03:02:16,29.9697,40.2064,46.04,59,0,4.7
320,Dali,CN,2022-02-07 03:02:13,25.7,100.1833,47.34,48,1,2.04
321,Along,IN,2022-02-07 03:06:11,28.1667,94.7667,56.77,72,33,0.63
322,Larsnes,NO,2022-02-07 03:06:11,62.2028,5.5773,39.02,82,87,6.24
323,Kanniyakumari,IN,2022-02-07 03:06:12,8.0833,77.5667,78.69,70,56,13.38
324,Salinas,US,2022-02-07 03:01:56,36.6777,-121.6555,60.96,61,0,3.44
325,Karpogory,RU,2022-02-07 03:06:12,64.0019,44.4451,10.04,94,100,7.87
326,Ahipara,NZ,2022-02-07 03:07:12,-35.1667,173.1667,75.11,96,97,6.17
327,Erwitte,DE,2022-02-07 03:07:13,51.6167,8.35,38.57,87,100,12.66
328,Kjopsvik,NO,2022-02-07 03:07:13,68.097,16.3742,29.17,75,100,6.33
329,Robertsganj,IN,2022-02-07 03:07:14,24.7,83.0667,58.41,44,0,3.49
330,Turkmenabat,TM,2022-02-07 03:07:14,39.0733,63.5786,39.29,62,100,5.91
331,Clyde River,CA,2022-02-07 03:07:15,70.4692,-68.5914,-39.5,94,61,4.79
332,Luangwa,ZM,2022-02-07 03:07:15,-15.6167,30.4167,67.84,97,57,0.89
333,Porto Novo,BJ,2022-02-07 03:07:15,6.4965,2.6036,75.88,88,59,3.18
334,Ambon,ID,2022-02-07 03:07:16,-3.6954,128.1814,87.94,66,40,4.61
335,Kargat,RU,2022-02-07 03:07:16,55.1956,80.2811,-2.97,95,100,3.04
336,Ascension,US,2022-02-07 03:07:17,30.2169,-90.9001,44.6,74,0,0.0
337,Thinadhoo,MV,2022-02-07 03:07:17,0.5333,72.9333,82.81,62,100,12.64
338,Port Moresby,PG,2022-02-07 03:07:18,-9.4431,147.1797,86.04,63,100,9.78
339,Fortuna,US,2022-02-07 03:07:18,40.5982,-124.1573,48.18,90,0,2.91
340,Shelburne,CA,2022-02-07 03:07:18,44.0787,-80.2041,25.27,71,100,15.41
341,Beringovskiy,RU,2022-02-07 03:07:19,63.05,179.3167,-13.88,94,17,5.17
342,Petit Goave,HT,2022-02-07 03:07:19,18.4314,-72.8669,73.58,71,12,2.64
343,Gawler,AU,2022-02-07 03:07:20,-34.6,138.7333,92.25,26,1,15.1
344,Saint-Francois,FR,2022-02-07 03:07:20,46.4154,3.9054,48.67,92,100,16.11
345,Harrisburg,US,2022-02-07 03:06:30,40.2737,-76.8844,30.43,62,0,3.0
346,La Rioja,ES,2022-02-07 03:07:21,42.25,-2.5,35.04,75,78,4.81
347,Kyritz,DE,2022-02-07 03:07:21,52.9421,12.397,37.0,82,93,18.52
348,Chuy,UY,2022-02-07 03:07:21,-33.6971,-53.4616,63.79,74,41,15.66
349,Podor,MR,2022-02-07 03:07:22,16.6527,-14.9587,76.05,11,0,8.7
350,Salalah,OM,2022-02-07 03:07:22,17.0151,54.0924,73.49,25,0,17.27
351,Broken Hill,AU,2022-02-07 03:07:22,-31.95,141.4333,82.29,26,0,15.52
352,Milkovo,RU,2022-02-07 03:07:23,54.7167,158.6167,20.71,86,100,12.12
353,Bethanien,NA,2022-02-07 03:07:23,-26.502,17.1583,73.9,57,96,3.62
354,Bosaso,SO,2022-02-07 03:03:03,11.2842,49.1816,70.52,77,9,1.03
355,Salto,UY,2022-02-07 03:07:23,-31.3833,-57.9667,61.88,69,0,6.33
356,Batemans Bay,AU,2022-02-07 03:07:24,-35.7167,150.1833,73.2,61,60,10.65
357,Niksar,TR,2022-02-07 03:07:24,40.5917,36.9517,29.08,81,39,6.91
358,Manggar,ID,2022-02-07 03:02:37,-2.8833,108.2667,81.72,79,100,8.63
359,Panaba,MX,2022-02-07 03:07:25,21.2833,-88.2667,68.16,89,0,6.22
360,Atuona,PF,2022-02-07 03:07:25,-9.8,-139.0333,78.8,77,12,17.09
361,Baruun-Urt,MN,2022-02-07 03:07:26,46.6806,113.2792,8.73,75,11,9.01
362,Zyryanovsk,KZ,2022-02-07 03:07:26,49.7386,84.2719,-15.66,92,69,2.35
363,Chongwe,ZM,2022-02-07 03:07:26,-15.3292,28.682,60.03,96,47,2.84
364,Vicuna,CL,2022-02-07 03:07:27,-30.0319,-70.7081,56.93,45,0,0.58
365,Balikpapan,ID,2022-02-07 03:07:27,-1.2675,116.8289,83.39,79,20,10.36
366,Dakar,SN,2022-02-07 03:07:27,14.6937,-17.4441,68.88,80,0,15.59
367,Caravelas,BR,2022-02-07 03:07:28,-17.7125,-39.2481,76.24,87,60,5.7
368,Bahia Blanca,AR,2022-02-07 03:07:28,-38.7196,-62.2724,62.31,76,6,7.2
369,Mayo,US,2022-02-07 03:07:28,38.8876,-76.5119,34.25,66,100,1.01
370,San Vicente,AR,2022-02-07 03:07:29,-26.6167,-54.1333,58.8,63,0,2.82
371,Te Anau,NZ,2022-02-07 03:08:29,-45.4167,167.7167,70.7,39,26,1.39
372,Taitung,TW,2022-02-07 03:08:29,22.7583,121.1444,64.67,94,100,2.3
373,San Juan,AR,2022-02-07 03:08:30,-31.5375,-68.5364,74.34,34,0,11.83
374,Port Macquarie,AU,2022-02-07 03:07:41,-31.4333,152.9167,73.89,56,70,16.31
375,Havelock,US,2022-02-07 03:08:30,34.8791,-76.9013,42.78,86,64,4.0
376,Channel-Port Aux Basques,CA,2022-02-07 03:08:31,47.5702,-59.1367,16.29,69,98,7.74
377,Kot Kapura,IN,2022-02-07 03:08:31,30.5833,74.9,52.48,71,3,3.42
378,Zunyi,CN,2022-02-07 03:05:09,27.6867,106.9072,33.66,100,94,3.67
379,Koubia,GN,2022-02-07 03:08:32,11.5833,-11.9,64.38,19,3,1.9
380,Sitka,US,2022-02-07 03:08:17,57.0531,-135.33,44.49,76,100,14.97
381,Ahuimanu,US,2022-02-07 03:08:32,21.4447,-157.8378,80.31,68,20,5.99
382,Kota Bahru,MY,2022-02-07 03:08:32,6.1333,102.2386,81.9,86,100,3.62
383,Rudbar,AF,2022-02-07 03:08:33,30.15,62.6,50.27,33,0,7.61
384,Hibbing,US,2022-02-07 03:08:33,47.4272,-92.9377,11.8,78,100,12.66
385,Ronda,ES,2022-02-07 03:04:02,36.7423,-5.1671,50.9,93,9,5.12
386,Palmer,US,2022-02-07 03:08:34,42.1584,-72.3287,21.61,80,20,0.0
387,Vila Franca Do Campo,PT,2022-02-07 03:08:34,37.7167,-25.4333,60.19,81,27,12.46
388,Juneau,US,2022-02-07 03:06:21,58.3019,-134.4197,41.85,96,100,8.99
389,Kavaratti,IN,2022-02-07 03:08:35,10.5669,72.642,77.65,67,14,6.93
390,Belmonte,BR,2022-02-07 03:08:35,-15.8631,-38.8828,77.5,85,40,6.11
391,Klaksvik,FO,2022-02-07 03:04:52,62.2266,-6.589,29.32,50,100,15.43
392,Dudinka,RU,2022-02-07 03:08:35,69.4058,86.1778,-35.68,100,39,2.91
393,Koumac,NC,2022-02-07 03:08:36,-20.5667,164.2833,82.17,84,100,19.53
394,Tutoia,BR,2022-02-07 03:08:36,-2.7619,-42.2744,82.38,83,8,10.02
395,Pangkalanbuun,ID,2022-02-07 03:08:36,-2.6833,111.6167,75.97,94,100,2.15
396,Tyrma,RU,2022-02-07 03:08:37,50.0833,132.1667,0.84,87,100,1.79
397,Kaeo,NZ,2022-02-07 03:08:37,-35.1,173.7833,77.32,96,99,6.44
398,Pokhara,NP,2022-02-07 03:08:37,28.2333,83.9833,53.02,67,4,2.37
399,Abu Dhabi,AE,2022-02-07 03:04:56,24.4667,54.3667,64.96,60,40,3.0
400,Mastic Beach,US,2022-02-07 03:08:38,40.7668,-72.8521,33.98,80,100,5.01
401,Dospat,BG,2022-02-07 03:08:38,41.65,24.1667,26.28,96,58,1.3
402,Conde,BR,2022-02-07 03:08:39,-7.2597,-34.9075,78.26,78,20,3.44
403,Sinazongwe,ZM,2022-02-07 03:08:39,-17.2614,27.4618,73.2,72,86,4.79
404,Tacoronte,ES,2022-02-07 03:08:39,28.4769,-16.4102,59.25,84,20,10.0
405,Kathu,TH,2022-02-07 03:08:40,7.9178,98.3332,87.62,72,95,6.33
406,Tarakan,ID,2022-02-07 03:08:40,3.3,117.6333,79.38,76,99,2.89
407,Jiangkou,CN,2022-02-07 03:08:41,25.4872,119.1986,53.87,83,99,7.63
408,Bestobe,KZ,2022-02-07 03:08:41,52.4994,73.0975,-2.61,83,4,4.43
409,Ambilobe,MG,2022-02-07 03:05:52,-13.2,49.05,72.45,94,27,1.07
410,Ilulissat,GL,2022-02-07 03:08:42,69.2167,-51.1,5.02,72,20,10.36
411,Turinsk,RU,2022-02-07 03:08:42,58.0458,63.696,-3.53,98,78,3.47
412,Maniitsoq,GL,2022-02-07 03:08:42,65.4167,-52.9,2.68,92,100,13.85
413,Ushtobe,KZ,2022-02-07 03:08:43,45.2514,77.9838,32.29,98,100,15.84
414,Bushenyi,UG,2022-02-07 03:08:43,-0.5853,30.2114,60.1,72,100,1.83
415,Bethal,ZA,2022-02-07 03:08:44,-26.4579,29.4655,52.56,93,51,5.19
416,Airai,TL,2022-02-07 03:08:44,-8.9266,125.4092,75.2,61,29,2.35
417,Colares,PT,2022-02-07 03:08:45,38.7992,-9.4469,52.9,47,4,5.01
418,Pemangkat,ID,2022-02-07 03:09:45,1.1667,108.9667,79.65,84,100,4.76
419,Athabasca,CA,2022-02-07 03:09:45,54.7169,-113.2854,39.47,68,59,13.29
420,Pyaozerskiy,RU,2022-02-07 03:09:46,65.8333,31.1667,18.18,94,100,8.72
421,Dingle,PH,2022-02-07 03:09:46,10.9995,122.6711,83.75,63,48,15.41
422,Lodingen,NO,2022-02-07 03:09:47,68.414,15.9951,29.44,69,100,2.26
423,Husavik,IS,2022-02-07 03:09:47,66.0449,-17.3389,19.47,85,100,14.5
424,Berlevag,NO,2022-02-07 03:09:48,70.8578,29.0864,19.9,85,60,20.71
425,Belaya Gora,RU,2022-02-07 03:09:48,68.5333,146.4167,-37.07,97,97,1.77
426,Hobyo,SO,2022-02-07 03:09:48,5.3505,48.5268,75.52,72,98,17.36
427,Raudeberg,NO,2022-02-07 03:09:49,61.9875,5.1352,38.19,89,90,3.0
428,Coahuayana,MX,2022-02-07 03:09:49,18.7333,-103.6833,69.87,75,49,3.4
429,Marabba,SD,2022-02-07 03:09:50,12.35,32.1833,61.61,19,75,12.3
430,Xining,CN,2022-02-07 03:05:12,36.6167,101.7667,13.23,73,84,0.96
431,Mecca,SA,2022-02-07 03:09:50,21.4267,39.8261,63.34,47,1,2.3
432,Pingliang,CN,2022-02-07 03:09:51,35.5392,106.6861,19.67,83,100,0.43
433,Doha,QA,2022-02-07 03:07:23,25.2867,51.5333,58.98,58,0,10.36
434,Dole,FR,2022-02-07 03:09:51,47.0833,5.5,46.72,81,100,16.11
435,Shache,CN,2022-02-07 03:09:51,38.4167,77.2406,27.45,54,100,2.44
436,Cao Bang,VN,2022-02-07 03:09:52,22.6667,106.25,57.92,96,100,0.67
437,Lukuledi,TZ,2022-02-07 03:09:52,-10.5667,38.8,71.17,96,100,4.5
438,Humboldt,US,2022-02-07 03:09:52,40.6665,-123.9178,39.38,70,0,3.02
439,Murgab,TM,2022-02-07 03:09:53,37.4966,61.9714,39.78,73,100,10.85
440,Tete,MZ,2022-02-07 03:06:09,-16.1564,33.5867,69.62,98,10,0.96
441,Galveston,US,2022-02-07 03:09:53,29.3669,-94.9669,54.0,80,88,8.43
442,Linxia,CN,2022-02-07 03:09:54,35.6003,103.2064,13.95,83,89,1.72
443,Olinda,BR,2022-02-07 03:09:54,-8.0089,-34.8553,82.13,69,75,5.75
444,Harnosand,SE,2022-02-07 03:09:55,62.6323,17.9379,19.42,88,78,6.73
445,Port Lincoln,AU,2022-02-07 03:09:55,-34.7333,135.8667,79.56,48,0,18.32
446,Eregli,TR,2022-02-07 03:09:56,37.5133,34.0467,23.09,68,2,3.53
447,Niamey,NE,2022-02-07 03:09:56,13.5137,2.1098,67.5,15,0,10.47
448,Hamilton,US,2022-02-07 03:09:28,39.1834,-84.5333,30.97,86,0,0.0
449,Pasighat,IN,2022-02-07 03:07:38,28.0667,95.3333,61.56,62,3,1.63
450,Wawa,NG,2022-02-07 03:09:57,9.9022,4.4192,73.85,27,0,5.17
451,Cayenne,GF,2022-02-07 03:09:57,4.9333,-52.3333,80.1,88,75,3.0
452,Nizhniy Tsasuchey,RU,2022-02-07 03:09:58,50.5167,115.1333,15.39,79,8,8.95
453,Vestmannaeyjar,IS,2022-02-07 03:07:26,63.4427,-20.2734,37.38,97,100,58.56
454,Inverell,AU,2022-02-07 03:09:58,-29.7833,151.1167,81.66,45,2,7.0
455,Ciudad Bolivar,VE,2022-02-07 03:09:58,8.1222,-63.5497,78.55,74,42,14.9
456,Newport,GB,2022-02-07 03:09:26,51.5877,-2.9984,44.85,81,54,10.56
457,Port Blair,IN,2022-02-07 03:09:59,11.6667,92.75,78.84,83,40,9.22
458,Burnie,AU,2022-02-07 03:09:59,-41.0667,145.9167,71.94,50,0,9.8
459,Dyersburg,US,2022-02-07 03:06:44,36.0345,-89.3856,32.9,80,0,0.0
460,Mahebourg,MU,2022-02-07 03:10:00,-20.4081,57.7,79.25,82,100,11.21
461,Kizilskoye,RU,2022-02-07 03:10:00,52.7255,58.8937,2.71,98,97,2.93
462,Lat Yao,TH,2022-02-07 03:10:01,15.751,99.7893,89.51,47,99,1.25
463,Ulladulla,AU,2022-02-07 03:05:50,-35.35,150.4667,71.1,60,25,13.27
464,Jalu,LY,2022-02-07 03:10:01,29.0331,21.5482,55.08,34,2,7.09
465,Sechura,PE,2022-02-07 03:11:02,-5.5569,-80.8222,72.57,74,86,11.52
466,Pueblo,US,2022-02-07 03:11:02,38.2545,-104.6091,36.18,66,0,0.0
467,Ohangaron,UZ,2022-02-07 03:11:03,40.9064,69.6383,33.94,96,100,2.15
468,Golden,US,2022-02-07 03:09:22,39.7555,-105.2211,31.37,59,20,1.99
469,Steubenville,US,2022-02-07 03:11:03,40.3698,-80.634,28.98,89,60,3.58
470,Sorland,NO,2022-02-07 03:11:03,67.667,12.6934,38.19,75,100,16.82
471,Zeerust,ZA,2022-02-07 03:11:04,-25.5369,26.0751,62.56,71,9,6.96
472,Havoysund,NO,2022-02-07 03:11:04,70.9963,24.6622,23.88,77,52,14.85
473,Cap Malheureux,MU,2022-02-07 03:11:05,-19.9842,57.6142,79.47,81,100,1.99
474,Kalispell,US,2022-02-07 03:06:50,48.1958,-114.3129,30.49,83,0,3.44
475,La Ronge,CA,2022-02-07 03:07:33,55.1001,-105.2842,12.42,85,20,5.75
476,Tripoli,LY,2022-02-07 03:06:48,32.8752,13.1875,57.54,77,97,9.19
477,Mahon,ES,2022-02-07 03:09:39,39.8885,4.2658,46.96,93,0,5.75
478,Pulsano,IT,2022-02-07 03:11:05,40.3821,17.3564,54.82,76,0,1.99
479,Athens,GR,2022-02-07 03:10:02,37.9795,23.7162,54.16,88,20,4.0
480,Neustadt,DE,2022-02-07 03:11:06,49.7117,12.0872,35.46,90,100,4.0
481,Sanchursk,RU,2022-02-07 03:11:06,56.9413,47.2499,0.41,100,100,2.98
482,Bakchar,RU,2022-02-07 03:11:07,57.0186,82.0711,-7.65,99,6,2.84
483,Boa Vista,BR,2022-02-07 03:11:07,2.8197,-60.6733,82.38,65,75,11.5
484,Bacong,PH,2022-02-07 03:11:08,9.2464,123.2956,81.01,79,91,14.72
485,Broome,US,2022-02-07 03:11:08,42.2506,-75.833,23.9,69,0,1.01
486,Karratha,AU,2022-02-07 03:11:09,-20.7377,116.8463,90.97,58,65,10.78
487,Jieshou,CN,2022-02-07 03:11:09,33.2634,115.3611,34.38,79,100,12.97
488,Waitati,NZ,2022-02-07 03:11:09,-45.75,170.5667,63.19,61,100,9.66
489,Ozinki,RU,2022-02-07 03:11:10,51.1786,49.6769,11.07,91,100,6.17
490,Markova,UA,2022-02-07 03:11:10,48.6758,24.4138,35.22,84,100,4.7
491,Altay,CN,2022-02-07 03:11:10,47.8667,88.1167,9.91,51,92,7.56
492,Kiruna,SE,2022-02-07 03:11:11,67.8557,20.2251,16.72,93,100,4.61
493,Alamogordo,US,2022-02-07 03:07:37,32.8995,-105.9603,43.95,58,100,7.0
494,Ngama,TD,2022-02-07 03:11:11,11.7833,17.1667,64.96,16,1,8.77
495,Kundiawa,PG,2022-02-07 03:11:12,-6.0167,144.9667,80.69,46,54,5.95
496,Prata,BR,2022-02-07 03:11:12,-19.3072,-48.9242,69.48,94,99,4.14
497,Shar,KZ,2022-02-07 03:11:13,49.5886,81.0453,10.67,73,1,9.93
498,Saint-Joseph,RE,2022-02-07 03:11:13,-21.3667,55.6167,77.36,80,85,11.95
499,Port-Gentil,GA,2022-02-07 03:11:13,-0.7193,8.7815,79.66,84,33,10.49
500,Catarama,EC,2022-02-07 03:11:14,-1.5833,-79.4667,73.85,93,95,0.4
501,Port-De-Bouc,FR,2022-02-07 03:11:14,43.4,4.9833,50.77,73,0,17.27
502,Sola,VU,2022-02-07 03:11:14,-13.8833,167.55,82.92,80,100,20.38
503,Libreville,GA,2022-02-07 03:10:43,0.3925,9.4537,78.48,85,58,6.78
504,Barceloneta,PR,2022-02-07 03:11:15,18.4505,-66.5385,74.57,99,51,11.72
505,Atocha,BO,2022-02-07 03:11:15,-20.9333,-66.2333,47.64,76,31,10.13
506,Anqing,CN,2022-02-07 03:11:15,30.5092,117.0506,33.08,100,100,6.62
507,Ryotsu,JP,2022-02-07 03:11:16,38.0833,138.4333,36.16,61,100,14.23
508,Port Angeles,US,2022-02-07 03:11:16,48.1181,-123.4307,44.73,95,0,5.75
509,Jasper,US,2022-02-07 03:08:11,37.2001,-94.3502,34.99,77,0,0.0
510,Shimoda,JP,2022-02-07 03:12:17,34.6667,138.95,44.1,84,97,1.5
511,Mogadishu,SO,2022-02-07 03:12:17,2.0371,45.3438,75.97,78,63,20.51
512,Riyadh,SA,2022-02-07 03:12:17,24.6877,46.7219,48.34,46,0,4.25
513,Mount Gambier,AU,2022-02-07 03:12:18,-37.8333,140.7667,86.16,20,0,7.16
514,Trinidad,BO,2022-02-07 03:12:18,-14.8333,-64.9,70.23,99,100,2.93
515,Revda,RU,2022-02-07 03:12:18,56.801,59.9303,-11.88,100,99,3.0
516,Necochea,AR,2022-02-07 03:11:22,-38.5473,-58.7368,60.04,72,66,10.27
517,Ballina,AU,2022-02-07 03:08:16,-28.8667,153.5667,73.44,84,93,17.49
518,Kingman,US,2022-02-07 03:12:19,35.1894,-114.053,55.11,25,0,11.5
519,Nurobod,UZ,2022-02-07 03:12:19,40.9056,69.8023,32.85,96,100,1.88
520,Asfi,MA,2022-02-07 03:12:20,32.2994,-9.2372,56.98,76,66,12.44
521,Deputatskiy,RU,2022-02-07 03:12:20,69.3,139.9,-31.58,94,83,4.63
522,Ulaangom,MN,2022-02-07 03:12:21,49.9811,92.0667,-22.67,96,93,0.45
523,Mount Isa,AU,2022-02-07 03:12:21,-20.7333,139.5,91.17,38,9,11.5
524,Alofi,NU,2022-02-07 03:12:21,-19.0595,-169.9187,82.29,18,100,4.61
525,Tarko-Sale,RU,2022-02-07 03:12:22,64.9225,77.785,-26.12,100,82,4.12
526,Mega,ET,2022-02-07 03:12:22,4.05,38.3,60.19,36,35,7.02
527,Codajas,BR,2022-02-07 03:12:22,-3.8367,-62.0569,73.26,98,94,2.3
528,Ilo,PE,2022-02-07 03:12:23,-17.6394,-71.3375,69.4,83,99,5.61
529,Simao,CN,2022-02-07 03:12:23,22.7886,100.9748,58.5,74,16,3.31
530,Tommot,RU,2022-02-07 03:10:21,58.9564,126.2925,-6.03,93,100,1.12
531,Dzaoudzi,YT,2022-02-07 03:12:24,-12.7887,45.2699,82.29,83,75,5.75
532,Poienile Izei,RO,2022-02-07 03:12:24,47.7,24.1167,32.09,98,100,4.83
533,Folldal,NO,2022-02-07 03:12:25,62.1325,9.9968,20.23,80,9,18.37
534,Baykit,RU,2022-02-07 03:12:25,61.67,96.37,-6.72,99,49,2.98
535,Boca Do Acre,BR,2022-02-07 03:12:26,-8.7522,-67.3978,74.53,89,100,1.7
536,Kloulklubed,PW,2022-02-07 03:12:26,7.0419,134.2556,84.7,79,43,22.39
537,Pangnirtung,CA,2022-02-07 03:12:26,66.1451,-65.7125,-38.09,96,100,4.47
538,Mwinilunga,ZM,2022-02-07 03:12:27,-11.7358,24.4293,61.45,97,100,5.86
539,Ramshir,IR,2022-02-07 03:12:27,30.8946,49.4092,49.59,49,0,9.24
540,Saint-Pierre,RE,2022-02-07 03:12:28,-21.3393,55.4781,78.44,78,0,4.61
541,Shambu,ET,2022-02-07 03:12:28,9.5667,37.1,50.47,58,31,2.66
542,Andenes,NO,2022-02-07 03:12:29,69.3143,16.1194,30.18,74,100,11.5
543,Varhaug,NO,2022-02-07 03:12:29,58.6147,5.6457,39.47,68,41,33.2
544,Sudak,UA,2022-02-07 03:12:29,44.85,34.9667,39.65,76,86,13.51
545,Zdzieszowice,PL,2022-02-07 03:12:30,50.4248,18.1235,42.49,92,100,9.26
546,Camacupa,AO,2022-02-07 03:12:30,-12.0167,17.4833,62.29,62,100,5.21
547,Hulyaypole,UA,2022-02-07 03:12:31,47.6653,36.2578,31.06,90,96,11.99
548,Tyukhtet,RU,2022-02-07 03:12:31,56.5389,89.3011,5.81,91,24,5.7
549,Vostok,RU,2022-02-07 03:12:31,46.4856,135.8833,6.49,83,99,5.86
550,Kembe,CF,2022-02-07 03:12:32,4.6228,21.8865,62.08,31,56,3.87
551,Dunedin,NZ,2022-02-07 03:09:01,-45.8742,170.5036,61.77,65,85,12.97
552,Ulkan,RU,2022-02-07 03:12:32,57.243,107.3223,13.68,93,100,3.06
553,Cherskiy,RU,2022-02-07 03:12:33,68.75,161.3,-27.85,100,25,1.28
554,Contai,IN,2022-02-07 03:12:33,21.7786,87.7536,66.87,57,100,2.62
555,Hofn,IS,2022-02-07 03:12:34,64.2539,-15.2082,31.5,76,100,17.96
556,San Policarpo,PH,2022-02-07 03:12:34,12.1791,125.5072,80.91,79,52,17.47
557,Ekibastuz,KZ,2022-02-07 03:12:34,51.6667,75.3667,5.32,77,10,8.21
558,Shakiso,ET,2022-02-07 03:13:35,5.75,38.9167,53.13,38,11,3.89
559,Ordzhonikidze,KZ,2022-02-07 03:13:35,52.4411,61.7408,11.61,96,100,3.44
560,Temerloh,MY,2022-02-07 03:13:36,3.4483,102.4176,78.96,82,100,3.27
561,Sosnovo-Ozerskoye,RU,2022-02-07 03:13:36,52.5249,111.5418,7.68,92,98,8.34
562,Usinsk,RU,2022-02-07 03:13:36,65.9939,57.5281,4.6,84,100,8.08
563,Ixtapa,MX,2022-02-07 03:13:37,20.7,-105.2,72.63,83,75,2.3
564,Zeya,RU,2022-02-07 03:13:37,53.75,127.2667,5.49,64,12,1.5
565,Manicore,BR,2022-02-07 03:13:38,-5.8092,-61.3003,73.38,98,98,1.21
566,Kiunga,PG,2022-02-07 03:13:38,-6.1219,141.2906,94.93,47,100,0.69
567,Grand Gaube,MU,2022-02-07 03:13:38,-20.0064,57.6608,79.38,81,100,1.99
568,Pallisa,UG,2022-02-07 03:13:39,1.145,33.7094,67.37,47,61,1.14
569,El Bordo,CO,2022-02-07 03:13:39,2.117,-76.9821,67.51,98,93,0.6
570,Asekeyevo,RU,2022-02-07 03:13:39,53.5742,52.7972,12.97,97,100,1.66
571,Mvomero,TZ,2022-02-07 03:13:40,-6.25,38.6667,73.98,92,100,3.76
572,Lalmohan,BD,2022-02-07 03:13:40,22.3384,90.7419,65.26,59,80,7.85
573,Humaita,BR,2022-02-07 03:13:40,-7.5061,-63.0208,74.08,98,100,2.93
574,Riachao Das Neves,BR,2022-02-07 03:13:41,-11.7461,-44.91,69.06,94,100,1.41
575,Mitsamiouli,KM,2022-02-07 03:13:41,-11.3847,43.2844,81.64,80,74,11.5
576,Monrovia,LR,2022-02-07 03:09:25,6.3005,-10.7969,79.03,82,98,4.83
577,Arkhipo-Osipovka,RU,2022-02-07 03:13:42,44.37,38.52,41.18,73,100,15.17
578,Kortkeros,RU,2022-02-07 03:13:42,61.8106,51.5806,17.6,94,100,6.46
579,Vao,NC,2022-02-07 03:13:43,-22.6667,167.4833,80.89,82,42,11.63
580,Tura,IN,2022-02-07 03:11:41,25.5198,90.2201,61.97,56,1,1.19
581,Magadan,RU,2022-02-07 03:13:43,59.5667,150.8,16.54,62,24,9.66
582,Strezhevoy,RU,2022-02-07 03:13:43,60.7333,77.5889,-4.02,98,9,7.74
583,Kapit,MY,2022-02-07 03:13:44,2.0167,112.9333,75.87,97,100,2.15
584,Tuatapere,NZ,2022-02-07 03:13:44,-46.1333,167.6833,60.82,44,0,6.46
585,Bayji,IQ,2022-02-07 03:13:45,34.9311,43.487,48.29,56,96,3.22
586,Lumeje,AO,2022-02-07 03:13:45,-11.55,20.7833,62.8,78,100,4.79
587,Krasnoselkup,RU,2022-02-07 03:13:46,65.7,82.4667,-24.0,100,34,6.26
588,Skibbereen,IE,2022-02-07 03:13:46,51.55,-9.2667,53.11,97,85,8.84
589,Comodoro Rivadavia,AR,2022-02-07 03:09:29,-45.8667,-67.5,60.66,63,0,4.61
590,Misratah,LY,2022-02-07 03:13:47,32.3754,15.0925,57.61,75,95,0.67
591,Bavleny,RU,2022-02-07 03:13:47,56.4,39.56,20.71,97,100,6.67
592,Barcelos,PT,2022-02-07 03:13:47,41.5388,-8.6151,47.68,66,76,5.32
593,Beian,NO,2022-02-07 03:13:48,63.6559,9.5683,38.01,75,40,11.5
594,Kruisfontein,ZA,2022-02-07 03:13:48,-34.0033,24.7314,69.69,65,0,4.56
595,Paka,MY,2022-02-07 03:13:48,4.6374,103.4368,78.94,87,100,8.68
596,Rabo De Peixe,PT,2022-02-07 03:11:34,37.8,-25.5833,59.27,95,75,11.5
597,Bintulu,MY,2022-02-07 03:13:49,3.1667,113.0333,79.36,82,100,5.17
598,San Quintin,MX,2022-02-07 03:13:00,30.4833,-115.95,58.3,49,0,4.7
599,Hargeysa,SO,2022-02-07 03:13:49,9.56,44.065,62.19,83,92,14.7
600,Asmar,AF,2022-02-07 03:13:50,35.0333,71.3581,42.1,67,54,5.64
601,Fuyu,CN,2022-02-07 03:13:50,45.1833,124.8167,12.7,71,10,6.08
602,Pacific Grove,US,2022-02-07 03:09:28,36.6177,-121.9166,60.57,74,0,1.01
603,Uyskoye,RU,2022-02-07 03:13:51,54.3775,60.0047,9.55,92,100,4.83
604,Yiannouli,GR,2022-02-07 03:13:51,39.6667,22.3833,42.96,92,75,0.0
605,Sistranda,NO,2022-02-07 03:13:52,63.7256,8.834,37.9,66,100,27.11
606,Boaco,NI,2022-02-07 03:13:52,12.4722,-85.6586,70.95,69,35,7.11
607,Winnemucca,US,2022-02-07 03:14:52,40.973,-117.7357,33.85,44,0,0.0
608,Doka,SD,2022-02-07 03:14:53,13.5167,35.7667,64.62,33,1,10.54
609,Muros,ES,2022-02-07 03:14:53,42.7762,-9.0603,50.23,91,28,8.77
610,Luwuk,ID,2022-02-07 03:14:53,-0.9516,122.7875,85.1,66,99,2.35
611,Talcahuano,CL,2022-02-07 03:14:54,-36.7167,-73.1167,62.28,77,0,3.44
612,Komsomolskiy,UZ,2022-02-07 03:14:54,40.4272,71.7189,38.62,81,75,6.91
613,Teguise,ES,2022-02-07 03:14:55,29.0605,-13.564,61.02,82,2,16.11
614,Harper,LR,2022-02-07 03:14:55,4.375,-7.7169,78.76,83,100,6.06
615,Vestmanna,FO,2022-02-07 03:14:55,62.1564,-7.1664,27.52,69,20,6.91
616,Motca,RO,2022-02-07 03:14:56,47.25,26.6167,40.78,59,100,9.69
617,Chicama,PE,2022-02-07 03:14:56,-7.8447,-79.1469,66.74,74,99,5.37
618,Sibolga,ID,2022-02-07 03:14:56,1.7427,98.7792,84.6,63,75,1.54
619,Kandrian,PG,2022-02-07 03:14:57,-6.2167,149.55,87.96,65,98,8.84
620,Sinaloa,MX,2022-02-07 03:14:57,25.0,-107.5,61.25,77,0,4.38
621,Carmen,MX,2022-02-07 03:14:58,18.6333,-91.8333,71.94,85,50,8.08
622,Mendota,US,2022-02-07 03:14:58,36.7536,-120.3816,57.76,46,0,2.1
623,Qasigiannguit,GL,2022-02-07 03:14:59,68.8193,-51.1922,5.25,97,100,9.33
624,Huarmey,PE,2022-02-07 03:14:59,-10.0681,-78.1522,71.37,78,100,6.38
625,Garden City,US,2022-02-07 03:14:59,42.3256,-83.331,27.66,75,20,8.05
626,Tiarei,PF,2022-02-07 03:15:00,-17.5333,-149.3333,86.02,75,61,20.76
627,Wenatchee,US,2022-02-07 03:15:00,47.4235,-120.3103,41.22,88,0,3.44
628,Coos Bay,US,2022-02-07 03:15:01,43.3665,-124.2179,52.02,93,0,0.0
629,Dehloran,IR,2022-02-07 03:15:01,32.6941,47.2679,49.78,44,5,3.76
630,Neyshabur,IR,2022-02-07 03:10:07,36.2133,58.7958,34.45,75,8,1.28
631,Centralia,US,2022-02-07 03:12:01,46.7162,-122.9543,46.09,96,0,0.0
632,Padang,ID,2022-02-07 03:14:20,-0.9492,100.3543,84.25,68,100,1.23
633,West Bay,KY,2022-02-07 03:15:02,19.3667,-81.4167,78.01,83,40,1.99
634,Semporna,MY,2022-02-07 03:15:02,4.4818,118.6112,88.0,72,100,6.29
635,Hambantota,LK,2022-02-07 03:15:02,6.1241,81.1185,79.14,66,100,7.16
636,Vagur,FO,2022-02-07 03:11:52,61.4732,-6.8119,36.84,44,98,13.09
637,Kindu,CD,2022-02-07 03:15:03,-2.95,25.95,68.76,99,100,3.15
638,Melilla,ES,2022-02-07 03:15:03,35.2937,-2.9383,57.58,82,75,8.05
639,Korla,CN,2022-02-07 03:13:08,41.7597,86.1469,25.38,43,57,3.33
640,Alappuzha,IN,2022-02-07 03:14:01,9.49,76.3264,76.24,77,23,4.74
641,Galia,BR,2022-02-07 03:15:04,-22.2914,-49.5528,74.59,89,38,1.63
642,Healdsburg,US,2022-02-07 03:13:53,38.6105,-122.8692,58.1,75,0,1.99
643,Urucara,BR,2022-02-07 03:15:04,-2.5364,-57.76,73.24,98,100,2.37
644,Limot,PH,2022-02-07 03:15:05,7.0405,126.2727,86.85,55,51,8.08
645,Petropavlovsk-Kamchatskiy,RU,2022-02-07 03:15:05,53.0452,158.6483,32.59,55,75,20.13
646,Bandarbeyla,SO,2022-02-07 03:15:06,9.4942,50.8122,74.34,76,99,12.12
647,Hokitika,NZ,2022-02-07 03:15:06,-42.7167,170.9667,63.82,66,100,3.44
648,Caldwell,US,2022-02-07 03:10:51,43.6629,-116.6874,34.16,74,0,9.22
649,Dovers,VC,2022-02-07 03:15:07,12.8833,-61.1833,78.35,81,74,18.59
650,Mahajanga,MG,2022-02-07 03:15:07,-15.7167,46.3167,75.22,94,20,3.44
651,Bukachacha,RU,2022-02-07 03:15:08,52.9833,116.9167,9.72,74,17,1.59
652,Khasan,RU,2022-02-07 03:15:08,42.4308,130.6434,23.72,47,15,15.46
653,Sioux Lookout,CA,2022-02-07 03:11:03,50.1001,-91.917,-0.02,100,73,3.27
654,Mantua,IT,2022-02-07 03:15:09,45.1667,10.7833,42.82,92,3,10.0
655,Chlorakas,CY,2022-02-07 03:15:09,34.8042,32.4083,45.63,94,20,6.91
656,Saint Simons,US,2022-02-07 03:16:09,31.1352,-81.3901,47.07,95,100,12.66
657,Adrar,MR,2022-02-07 03:16:10,20.5022,-10.0711,63.27,11,2,9.82
658,El Tigre,VE,2022-02-07 03:16:10,8.8875,-64.2454,75.9,75,8,13.18
659,Bambanglipuro,ID,2022-02-07 03:16:10,-7.95,110.2833,85.41,67,100,5.14
660,Fuling,CN,2022-02-07 03:16:11,29.7022,107.3919,41.05,90,94,2.77
661,Buchanan,LR,2022-02-07 03:12:24,5.8808,-10.0467,77.54,87,90,5.46
662,Am Timan,TD,2022-02-07 03:16:11,11.0297,20.2827,66.88,17,0,7.38
663,Pemberton,CA,2022-02-07 03:15:25,50.3164,-122.8027,33.66,86,41,2.59
664,Pahrump,US,2022-02-07 03:13:32,36.2083,-115.9839,57.25,18,0,1.99
665,Conakry,GN,2022-02-07 03:16:12,9.538,-13.6773,78.87,89,2,4.61
666,Inhambane,MZ,2022-02-07 03:16:12,-23.865,35.3833,77.65,77,84,14.81
667,Yakeshi,CN,2022-02-07 03:16:12,49.2833,120.7333,4.87,92,100,6.24
668,Sinnamary,GF,2022-02-07 03:16:13,5.3833,-52.95,76.87,89,100,7.92
669,Orapa,BW,2022-02-07 03:16:13,-21.2833,25.3667,66.51,65,0,14.52
670,Tha Mai,TH,2022-02-07 03:16:14,12.6214,102.0048,91.94,68,100,4.12
671,Palaikastron,GR,2022-02-07 03:16:15,35.2,26.25,53.74,83,40,7.92
672,Takoradi,GH,2022-02-07 03:16:15,4.8845,-1.7554,78.87,86,100,5.26
673,Vanavara,RU,2022-02-07 03:16:15,60.34,102.2797,-8.79,98,100,2.28
674,Ndago,TZ,2022-02-07 03:16:16,-4.6,34.35,61.14,96,100,2.64
675,Peniche,PT,2022-02-07 03:16:16,39.3558,-9.3811,52.45,60,8,5.19
676,Qarqin,AF,2022-02-07 03:16:17,37.4185,66.0436,41.05,75,98,9.31
677,Yellandu,IN,2022-02-07 03:16:17,17.6,80.3333,71.06,73,100,2.98
678,Umarkot,PK,2022-02-07 03:16:18,25.3616,69.7362,64.13,80,0,6.53
679,Nemuro,JP,2022-02-07 03:16:18,43.3236,145.575,28.83,71,30,11.52
680,Tessalit,ML,2022-02-07 03:16:19,20.1986,1.0114,59.61,16,0,5.95
681,The Pas,CA,2022-02-07 03:16:19,53.8251,-101.2541,3.22,85,100,16.11
682,Scottsbluff,US,2022-02-07 03:14:02,41.8666,-103.6672,37.78,59,0,5.75
683,Taunggyi,MM,2022-02-07 03:16:20,20.7833,97.0333,62.64,31,12,5.57
684,Gamba,GA,2022-02-07 03:16:20,-2.65,10.0,76.21,93,16,5.19
685,Victoria Point,AU,2022-02-07 03:16:21,-27.5833,153.3,84.69,53,52,10.0
686,Barrancas,CO,2022-02-07 03:16:21,10.9576,-72.7877,71.28,83,2,1.72
687,Eltham,NZ,2022-02-07 03:16:22,-39.4292,174.3,65.44,90,100,4.41
688,Cordoba,AR,2022-02-07 03:15:38,-31.4135,-64.1811,56.43,83,0,5.75
689,Lalibela,ET,2022-02-07 03:16:22,12.0333,39.0333,56.73,65,20,2.66
690,Goulburn,AU,2022-02-07 03:16:23,-34.75,149.7167,69.66,57,74,13.06
691,Nsanje,MW,2022-02-07 03:12:33,-16.92,35.262,70.84,99,88,2.08
692,San Rafael,AR,2022-02-07 03:14:37,-34.6177,-68.3301,68.43,36,0,7.65
693,Saiha,IN,2022-02-07 03:16:23,22.4833,92.9667,64.72,35,8,0.81
694,Imbituba,BR,2022-02-07 03:16:24,-28.24,-48.6703,75.09,80,46,4.99
695,Carrickmacross,IE,2022-02-07 03:16:24,53.9728,-6.7189,37.69,91,72,5.12
696,Bukoba,TZ,2022-02-07 03:16:25,-1.3317,31.8122,66.43,80,100,1.97
697,Shenzhen,CN,2022-02-07 03:16:25,22.5455,114.0683,66.07,91,98,7.92
698,Young,UY,2022-02-07 03:16:26,-32.6833,-57.6333,62.22,67,3,5.7
699,Dembi Dolo,ET,2022-02-07 03:16:26,8.5333,34.8,58.35,44,99,3.96
700,Onda,ES,2022-02-07 03:17:26,39.9667,-0.25,48.29,87,2,6.04
701,La Rochelle,FR,2022-02-07 03:17:27,46.1667,-1.15,51.94,93,40,18.41
702,Arman,RU,2022-02-07 03:17:27,59.7,150.1667,17.02,73,72,6.35
703,Niles,US,2022-02-07 03:12:31,42.0189,-87.8028,29.05,79,40,4.0
704,Sao Gabriel Da Cachoeira,BR,2022-02-07 03:17:27,-0.1303,-67.0892,72.97,98,98,1.83
705,Santa Cruz,BO,2022-02-07 03:17:28,-17.8,-63.1667,76.46,65,99,10.36
706,Lata,PT,2022-02-07 03:17:28,40.1629,-8.3327,46.04,59,28,3.98
707,Awbari,LY,2022-02-07 03:17:29,26.5921,12.7805,51.53,25,66,7.23
708,Aden,YE,2022-02-07 03:17:29,12.7794,45.0367,76.6,67,100,6.46
709,La Sarre,CA,2022-02-07 03:15:26,48.8002,-79.1996,16.32,96,100,4.88
710,Doraha,IN,2022-02-07 03:17:29,30.8167,76.0167,52.34,78,30,3.02
711,Birjand,IR,2022-02-07 03:17:30,32.8663,59.2211,30.67,64,0,4.61
712,Svetlaya,RU,2022-02-07 03:14:17,46.5389,138.3297,17.82,50,5,2.51
713,Maputo,MZ,2022-02-07 03:17:30,-25.9653,32.5892,71.28,94,40,11.5
714,Kysyl-Syr,RU,2022-02-07 03:17:31,63.8986,122.7617,-22.65,96,96,7.11
715,Amahai,ID,2022-02-07 03:17:31,-3.3333,128.9167,86.79,62,55,5.39
716,Santa Rosa,PH,2022-02-07 03:17:31,14.3122,121.1114,85.08,74,100,17.85
717,Sao Filipe,CV,2022-02-07 03:16:36,14.8961,-24.4956,72.48,75,1,5.97
718,Binga,ZW,2022-02-07 03:17:32,-17.6203,27.3414,67.91,83,74,1.57
719,Enshi,CN,2022-02-07 03:17:32,30.3,109.4833,36.72,98,89,0.29
720,Kuusamo,FI,2022-02-07 03:15:11,65.9667,29.1833,21.24,93,100,13.8
721,Springfield,US,2022-02-07 03:14:28,37.2153,-93.2982,35.62,73,0,1.01
722,Borogontsy,RU,2022-02-07 03:17:33,62.6683,131.1683,-22.02,93,100,3.31
723,Saryozek,KZ,2022-02-07 03:17:33,44.3583,77.9753,29.62,98,100,5.41
724,Mopti,ML,2022-02-07 03:17:34,14.6667,-4.0,62.64,45,0,4.61
725,Barvinkove,UA,2022-02-07 03:17:34,48.9097,37.0205,23.74,92,42,11.1
726,South River,US,2022-02-07 03:17:34,40.4465,-74.386,32.92,85,11,1.83
727,Kalangala,UG,2022-02-07 03:17:35,-0.3089,32.225,70.66,73,98,9.35
728,Itaugua,PY,2022-02-07 03:17:35,-25.3833,-57.3333,70.75,56,0,3.76
729,Nouadhibou,MR,2022-02-07 03:15:50,20.931,-17.0347,62.58,100,96,8.05
